{
  "type": "per-class",
  "metric": "f1-macro",
  "thresholds": {
    "0": 0.20061025023460388,
    "1": 0.20423321425914764,
    "2": 0.19868938624858856,
    "3": 0.19783473014831543,
    "4": 0.19967739284038544
  },
  "score": 0.17240829346092507,
  "labels_sorted": [
    "belly_pain",
    "burping",
    "discomfort",
    "hungry",
    "tired"
  ]
}