label,precision,recall,f1,support
belly_pain,0.2857142857142857,1.0,0.4444444444444444,2
burping,0.2,1.0,0.3333333333333333,1
discomfort,0.0,0.0,0.0,4
hungry,0.875,0.7241379310344828,0.7924528301886793,58
tired,0.0,0.0,0.0,4
