label,precision,recall,f1,support
belly_pain,0.3333333333333333,1.0,0.5,2
burping,0.0,0.0,0.0,1
discomfort,0.0,0.0,0.0,4
hungry,0.8367346938775511,0.7068965517241379,0.7663551401869159,58
tired,0.0,0.0,0.0,4
